iep_plan_id,applies_to,description
35f9a913-28bf-4a96-82f2-0effc1f6806c,,Seeded accommodation
4023b807-7894-4ff7-a550-567dec7b8d7b,,Seeded accommodation
44abcc45-083e-49de-b8df-0e20b524cc98,,Seeded accommodation
6745b1db-be59-4975-b94b-3f6371e9bd9f,,Seeded accommodation
7f286654-4024-4c33-9f91-3caf1336a909,,Seeded accommodation
a8ce4adf-f832-4e29-9c9f-7fd3361cd426,,Seeded accommodation
cc08ab5a-f846-4a38-88e8-c0d3a5597c20,,Seeded accommodation
fbebfe28-c491-47cd-bce5-1cf99a87c186,,Seeded accommodation
fc33b0fc-34dd-46dc-a766-4a5d7b90caf9,,Seeded accommodation
