agenda_item_id,file_id,caption
05ca0a84-4083-4f67-a226-f3a50e4d1f9b,158f790d-2d28-48d9-a45d-91c2ea15478f,Seeded agenda_item_file
1fb11db4-26b8-4bd3-b64f-bf03305eb378,51c0027e-983a-48ae-a716-bd209cb87e73,Seeded agenda_item_file
28b73fad-34af-47d2-ad32-ff292088cab8,3cd7b3b6-6ee5-4d9a-97cb-22146886f085,Seeded agenda_item_file
2b1db5bc-9426-4991-9630-53db4799f929,6cda55e1-0a1d-41a8-a117-f6a196789d9e,Seeded agenda_item_file
2dbef1c3-b1d7-406e-9cc3-efe82967847d,96d87392-615b-4d2c-88d3-426994cef758,Seeded agenda_item_file
2ddbeed6-cfe6-4e66-a9e3-bb78aed061f0,f3965a11-cb72-43fd-a754-438b324a2e6f,Seeded agenda_item_file
3c0bd5a1-ce17-4274-be7d-32393b440fb4,00130591-ba7b-4978-bec6-3e64627ea952,Seeded agenda_item_file
4a6c57a7-f030-4a56-9c22-8441fdf60d59,09dab653-7e46-4484-8297-effa0169ff4b,Seeded agenda_item_file
4bd2d756-c023-44c6-9150-5a4c92217045,77c995a7-b236-4e05-95bf-7d3cbee3da9f,Seeded agenda_item_file
60e51b24-5d7c-40c7-a994-70c444e2dedd,2bdedebf-9bdb-4699-9fc9-89db3f0d8ef3,Seeded agenda_item_file
637a0fb1-7837-4c4a-a7e2-725289d6eeed,e175eebd-aa46-4b6c-a781-186ffc776e85,Seeded agenda_item_file
67f71299-5058-4d5a-9002-78ba5ff350d4,36ff35bc-f16b-46ad-b1be-4fa6e07f47f4,Seeded agenda_item_file
83ba6ab8-68c1-4a1b-97b5-12b3d9d6c49a,84fa0626-efbd-4e96-9b83-8fd9c6dbd222,Seeded agenda_item_file
85982398-dc4c-4a9b-a208-0d0128c9fc19,158f790d-2d28-48d9-a45d-91c2ea15478f,Seeded agenda_item_file
8beaddec-520b-4e0e-9236-d57ef3c87c2f,079f6f23-39df-49c3-b0e8-0121b4db15c6,Seeded agenda_item_file
a07b1971-161c-4b6c-ab59-63aed2514ec9,4625da51-da25-4e27-9889-bd77a962d342,Seeded agenda_item_file
ab0b9c58-85da-4ea8-a269-70daad62707e,ca135613-73bf-4d16-8368-5ef9c0e71b8c,Seeded agenda_item_file
b73ff1f9-7a81-4988-a58d-41b1caa2dfb0,081607d9-718b-4044-9d63-d0209a714d68,Seeded agenda_item_file
c34839f9-0d92-4e60-a401-2a8cfe704fe8,f8b6e431-5ca4-4814-964b-b291b8edd107,Seeded agenda_item_file
c6f5dd44-8a73-46f7-948d-ce5948383405,6af4d90d-7051-40b5-af1f-ccb5bd52e330,Seeded agenda_item_file
cb04e6b2-0c9c-461c-a43e-e20ac827c5cb,3ac9e1c5-2458-494d-9549-5fe7693912e6,Seeded agenda_item_file
dc0b23b7-9492-42de-a33d-7203b77c75a3,add54615-d62f-4d28-82c5-f21e0cba0bfc,Seeded agenda_item_file
f4426a4e-2d57-4846-bfe2-d299a862b8a5,ad8f229f-4204-4ee2-862a-1a1c7452250a,Seeded agenda_item_file
f77f6317-ba5b-45b8-bc49-81aef57bf204,b2cc9e68-b45c-454c-8bdc-dd95c52a14ab,Seeded agenda_item_file
fc620b93-3e01-4c1c-8d2a-7cd088e69053,23d14000-1eb9-45ea-bca7-892673f7fa8e,Seeded agenda_item_file
